,Model,Accuracy,Precision,Recall,F1 Score,ROC-AUC
0,Optimized RFC with SMOTE,0.41959798994974873,0.4293168627744803,0.41959798994974873,0.42239076358688366,0.8562061053288866
1,Optimized RFC,0.42294807370184256,0.428956349464831,0.42294807370184256,0.42454407606551103,0.8570657374111494
