,Model,Accuracy,Precision,Recall,F1 Score,ROC-AUC
0,Random Forest with SMOTETomek Sampling,0.41178112786152987,0.4120985310056549,0.41178112786152987,0.40906367607119526,0.8473554854928291
1,Balanced Random Forest,0.4089893914014517,0.41038269516030257,0.4089893914014517,0.4071207749648785,0.8503506459227331
